layer,distance,elevation,ID,OD,WT
,0,0,0.3397504,0.3556,0.0079248
,160.9344,0,0.3397504,0.3556,0.0079248
,321.8688,0,0.3397504,0.3556,0.0079248
,482.8032,0,0.3397504,0.3556,0.0079248
,643.7376,0,0.3397504,0.3556,0.0079248
,804.672,0,0.3397504,0.3556,0.0079248
,965.6064,0,0.3397504,0.3556,0.0079248
,1126.5408,0,0.3397504,0.3556,0.0079248
,1287.4752,0,0.3397504,0.3556,0.0079248
,1448.4096,0,0.3397504,0.3556,0.0079248
,1609.344,0,0.3397504,0.3556,0.0079248
,1770.2784,0,0.3397504,0.3556,0.0079248
,1931.2128,0,0.3397504,0.3556,0.0079248
,2092.1472,0,0.3397504,0.3556,0.0079248
,2253.0816,0,0.3397504,0.3556,0.0079248
,2414.016,0,0.3397504,0.3556,0.0079248
,2574.9504,0,0.3397504,0.3556,0.0079248
,2735.8848,0,0.3397504,0.3556,0.0079248
,2896.8192,0,0.3397504,0.3556,0.0079248
,3057.7536,0,0.3397504,0.3556,0.0079248
,3218.688,0,0.3397504,0.3556,0.0079248
,3379.6224,0,0.3397504,0.3556,0.0079248
,3540.5568,0,0.3397504,0.3556,0.0079248
,3701.4912,0,0.3397504,0.3556,0.0079248
,3862.4256,0,0.3397504,0.3556,0.0079248
,4023.36,0,0.3397504,0.3556,0.0079248
,4184.2944,0,0.3397504,0.3556,0.0079248
,4345.2288,0,0.3397504,0.3556,0.0079248
,4506.1632,0,0.3397504,0.3556,0.0079248
,4667.0976,0,0.3397504,0.3556,0.0079248
,4828.032,0,0.3397504,0.3556,0.0079248
,4988.9664,0,0.3397504,0.3556,0.0079248
,5149.9008,0,0.3397504,0.3556,0.0079248
,5310.8352,0,0.3397504,0.3556,0.0079248
,5471.7696,0,0.3397504,0.3556,0.0079248
,5632.704,0,0.3397504,0.3556,0.0079248
,5793.6384,0,0.3397504,0.3556,0.0079248
,5954.5728,0,0.3397504,0.3556,0.0079248
,6115.5072,0,0.3397504,0.3556,0.0079248
,6276.4416,0,0.3397504,0.3556,0.0079248
,6437.376,0,0.3397504,0.3556,0.0079248
,6598.3104,0,0.3397504,0.3556,0.0079248
,6759.2448,0,0.3397504,0.3556,0.0079248
,6920.1792,0,0.3397504,0.3556,0.0079248
,7081.1136,0,0.3397504,0.3556,0.0079248
,7242.048,0,0.3397504,0.3556,0.0079248
,7402.9824,0,0.3397504,0.3556,0.0079248
,7563.9168,0,0.3397504,0.3556,0.0079248
,7724.8512,0,0.3397504,0.3556,0.0079248
,7885.7856,0,0.3397504,0.3556,0.0079248
,8046.72,0,0.3397504,0.3556,0.0079248
,8207.6544,0,0.3397504,0.3556,0.0079248
,8368.5888,0,0.3397504,0.3556,0.0079248
,8529.5232,0,0.3397504,0.3556,0.0079248
,8690.4576,0,0.3397504,0.3556,0.0079248
,8851.392,0,0.3397504,0.3556,0.0079248
,9012.3264,0,0.3397504,0.3556,0.0079248
,9173.2608,0,0.3397504,0.3556,0.0079248
,9334.1952,0,0.3397504,0.3556,0.0079248
,9495.1296,0,0.3397504,0.3556,0.0079248
,9656.064,0,0.3397504,0.3556,0.0079248
,9816.9984,0,0.3397504,0.3556,0.0079248
,9977.9328,0,0.3397504,0.3556,0.0079248
,10138.8672,0,0.3397504,0.3556,0.0079248
,10299.8016,0,0.3397504,0.3556,0.0079248
,10460.736,0,0.3397504,0.3556,0.0079248
,10621.6704,0,0.3397504,0.3556,0.0079248
,10782.6048,0,0.3397504,0.3556,0.0079248
,10943.5392,0,0.3397504,0.3556,0.0079248
,11104.4736,0,0.3397504,0.3556,0.0079248
,11265.408,0,0.3397504,0.3556,0.0079248
,11426.3424,0,0.3397504,0.3556,0.0079248
,11587.2768,0,0.3397504,0.3556,0.0079248
,11748.2112,0,0.3397504,0.3556,0.0079248
,11909.1456,0,0.3397504,0.3556,0.0079248
,12070.08,0,0.3397504,0.3556,0.0079248
,12231.0144,0,0.3397504,0.3556,0.0079248
,12391.9488,0,0.3397504,0.3556,0.0079248
,12552.8832,0,0.3397504,0.3556,0.0079248
,12713.8176,0,0.3397504,0.3556,0.0079248
,12874.752,0,0.3397504,0.3556,0.0079248
,13035.6864,0,0.3397504,0.3556,0.0079248
,13196.6208,0,0.3397504,0.3556,0.0079248
,13357.5552,0,0.3397504,0.3556,0.0079248
,13518.4896,0,0.3397504,0.3556,0.0079248
,13679.424,0,0.3397504,0.3556,0.0079248
,13840.3584,0,0.3397504,0.3556,0.0079248
,14001.2928,0,0.3397504,0.3556,0.0079248
,14162.2272,0,0.3397504,0.3556,0.0079248
,14323.1616,0,0.3397504,0.3556,0.0079248
,14484.096,0,0.3397504,0.3556,0.0079248
,14645.0304,0,0.3397504,0.3556,0.0079248
,14805.9648,0,0.3397504,0.3556,0.0079248
,14966.8992,0,0.3397504,0.3556,0.0079248
,15127.8336,0,0.3397504,0.3556,0.0079248
,15288.768,0,0.3397504,0.3556,0.0079248
,15449.7024,0,0.3397504,0.3556,0.0079248
,15610.6368,0,0.3397504,0.3556,0.0079248
,15771.5712,0,0.3397504,0.3556,0.0079248
,15932.5056,0,0.3397504,0.3556,0.0079248
,16093.44,0,0.3397504,0.3556,0.0079248
,16254.3744,0,0.3397504,0.3556,0.0079248
,16415.3088,0,0.3397504,0.3556,0.0079248
,16576.2432,0,0.3397504,0.3556,0.0079248
,16737.1776,0,0.3397504,0.3556,0.0079248
,16898.112,0,0.3397504,0.3556,0.0079248
,17059.0464,0,0.3397504,0.3556,0.0079248
,17219.9808,0,0.3397504,0.3556,0.0079248
,17380.9152,0,0.3397504,0.3556,0.0079248
,17541.8496,0,0.3397504,0.3556,0.0079248
,17702.784,0,0.3397504,0.3556,0.0079248
,17863.7184,0,0.3397504,0.3556,0.0079248
,18024.6528,0,0.3397504,0.3556,0.0079248
,18185.5872,0,0.3397504,0.3556,0.0079248
,18346.5216,0,0.3397504,0.3556,0.0079248
,18507.456,0,0.3397504,0.3556,0.0079248
,18668.3904,0,0.3397504,0.3556,0.0079248
,18829.3248,0,0.3397504,0.3556,0.0079248
,18990.2592,0,0.3397504,0.3556,0.0079248
,19151.1936,0,0.3397504,0.3556,0.0079248
,19312.128,0,0.3397504,0.3556,0.0079248
,19473.0624,0,0.3397504,0.3556,0.0079248
,19633.9968,0,0.3397504,0.3556,0.0079248
,19794.9312,0,0.3397504,0.3556,0.0079248
,19955.8656,0,0.3397504,0.3556,0.0079248
,20116.8,0,0.3397504,0.3556,0.0079248
,20277.7344,0,0.3397504,0.3556,0.0079248
,20438.6688,0,0.3397504,0.3556,0.0079248
,20599.6032,0,0.3397504,0.3556,0.0079248
,20760.5376,0,0.3397504,0.3556,0.0079248
,20921.472,0,0.3397504,0.3556,0.0079248
,21082.4064,0,0.3397504,0.3556,0.0079248
,21243.3408,0,0.3397504,0.3556,0.0079248
,21404.2752,0,0.3397504,0.3556,0.0079248
,21565.2096,0,0.3397504,0.3556,0.0079248
,21726.144,0,0.3397504,0.3556,0.0079248
,21887.0784,0,0.3397504,0.3556,0.0079248
,22048.0128,0,0.3397504,0.3556,0.0079248
,22208.9472,0,0.3397504,0.3556,0.0079248
,22369.8816,0,0.3397504,0.3556,0.0079248
,22530.816,0,0.3397504,0.3556,0.0079248
,22691.7504,0,0.3397504,0.3556,0.0079248
,22852.6848,0,0.3397504,0.3556,0.0079248
,23013.6192,0,0.3397504,0.3556,0.0079248
,23174.5536,0,0.3397504,0.3556,0.0079248
,23335.488,0,0.3397504,0.3556,0.0079248
,23496.4224,0,0.3397504,0.3556,0.0079248
,23657.3568,0,0.3397504,0.3556,0.0079248
,23818.2912,0,0.3397504,0.3556,0.0079248
,23979.2256,0,0.3397504,0.3556,0.0079248
,24140.16,0,0.3397504,0.3556,0.0079248
,24301.0944,0,0.3397504,0.3556,0.0079248
,24462.0288,0,0.3397504,0.3556,0.0079248
,24622.9632,0,0.3397504,0.3556,0.0079248
,24783.8976,0,0.3397504,0.3556,0.0079248
,24944.832,0,0.3397504,0.3556,0.0079248
,25105.7664,0,0.3397504,0.3556,0.0079248
,25266.7008,0,0.3397504,0.3556,0.0079248
,25427.6352,0,0.3397504,0.3556,0.0079248
,25588.5696,0,0.3397504,0.3556,0.0079248
,25749.504,0,0.3397504,0.3556,0.0079248
,25910.4384,0,0.3397504,0.3556,0.0079248
,26071.3728,0,0.3397504,0.3556,0.0079248
,26232.3072,0,0.3397504,0.3556,0.0079248
,26393.2416,0,0.3397504,0.3556,0.0079248
,26554.176,0,0.3397504,0.3556,0.0079248
,26715.1104,0,0.3397504,0.3556,0.0079248
,26876.0448,0,0.3397504,0.3556,0.0079248
,27036.9792,0,0.3397504,0.3556,0.0079248
,27197.9136,0,0.3397504,0.3556,0.0079248
,27358.848,0,0.3397504,0.3556,0.0079248
,27519.7824,0,0.3397504,0.3556,0.0079248
,27680.7168,0,0.3397504,0.3556,0.0079248
,27841.6512,0,0.3397504,0.3556,0.0079248
,28002.5856,0,0.3397504,0.3556,0.0079248
,28163.52,0,0.3397504,0.3556,0.0079248
,28324.4544,0,0.3397504,0.3556,0.0079248
,28485.3888,0,0.3397504,0.3556,0.0079248
,28646.3232,0,0.3397504,0.3556,0.0079248
,28807.2576,0,0.3397504,0.3556,0.0079248
,28968.192,0,0.3397504,0.3556,0.0079248
,29129.1264,0,0.3397504,0.3556,0.0079248
,29290.0608,0,0.3397504,0.3556,0.0079248
,29450.9952,0,0.3397504,0.3556,0.0079248
,29611.9296,0,0.3397504,0.3556,0.0079248
,29772.864,0,0.3397504,0.3556,0.0079248
,29933.7984,0,0.3397504,0.3556,0.0079248
,30094.7328,0,0.3397504,0.3556,0.0079248
,30255.6672,0,0.3397504,0.3556,0.0079248
,30416.6016,0,0.3397504,0.3556,0.0079248
,30577.536,0,0.3397504,0.3556,0.0079248
,30738.4704,0,0.3397504,0.3556,0.0079248
,30899.4048,0,0.3397504,0.3556,0.0079248
,31060.3392,0,0.3397504,0.3556,0.0079248
,31221.2736,0,0.3397504,0.3556,0.0079248
,31382.208,0,0.3397504,0.3556,0.0079248
,31543.1424,0,0.3397504,0.3556,0.0079248
,31704.0768,0,0.3397504,0.3556,0.0079248
,31865.0112,0,0.3397504,0.3556,0.0079248
,32025.9456,0,0.3397504,0.3556,0.0079248
,32186.88,0,0.3397504,0.3556,0.0079248
,32347.8144,0,0.3397504,0.3556,0.0079248
,32508.7488,0,0.3397504,0.3556,0.0079248
,32669.6832,0,0.3397504,0.3556,0.0079248
,32830.6176,0,0.3397504,0.3556,0.0079248
,32991.552,0,0.3397504,0.3556,0.0079248
,33152.4864,0,0.3397504,0.3556,0.0079248
,33313.4208,0,0.3397504,0.3556,0.0079248
,33474.3552,0,0.3397504,0.3556,0.0079248
,33635.2896,0,0.3397504,0.3556,0.0079248
,33796.224,0,0.3397504,0.3556,0.0079248
,33957.1584,0,0.3397504,0.3556,0.0079248
,34118.0928,0,0.3397504,0.3556,0.0079248
,34279.0272,0,0.3397504,0.3556,0.0079248
,34439.9616,0,0.3397504,0.3556,0.0079248
,34600.896,0,0.3397504,0.3556,0.0079248
,34761.8304,0,0.3397504,0.3556,0.0079248
,34922.7648,0,0.3397504,0.3556,0.0079248
,35083.6992,0,0.3397504,0.3556,0.0079248
,35244.6336,0,0.3397504,0.3556,0.0079248
,35405.568,0,0.3397504,0.3556,0.0079248
,35566.5024,0,0.3397504,0.3556,0.0079248
,35727.4368,0,0.3397504,0.3556,0.0079248
,35888.3712,0,0.3397504,0.3556,0.0079248
,36049.3056,0,0.3397504,0.3556,0.0079248
,36210.24,0,0.3397504,0.3556,0.0079248
,36371.1744,0,0.3397504,0.3556,0.0079248
,36532.1088,0,0.3397504,0.3556,0.0079248
,36693.0432,0,0.3397504,0.3556,0.0079248
,36853.9776,0,0.3397504,0.3556,0.0079248
,37014.912,0,0.3397504,0.3556,0.0079248
,37175.8464,0,0.3397504,0.3556,0.0079248
,37336.7808,0,0.3397504,0.3556,0.0079248
,37497.7152,0,0.3397504,0.3556,0.0079248
,37658.6496,0,0.3397504,0.3556,0.0079248
,37819.584,0,0.3397504,0.3556,0.0079248
,37980.5184,0,0.3397504,0.3556,0.0079248
,38141.4528,0,0.3397504,0.3556,0.0079248
,38302.3872,0,0.3397504,0.3556,0.0079248
,38463.3216,0,0.3397504,0.3556,0.0079248
,38624.256,0,0.3397504,0.3556,0.0079248
,38785.1904,0,0.3397504,0.3556,0.0079248
,38946.1248,0,0.3397504,0.3556,0.0079248
,39107.0592,0,0.3397504,0.3556,0.0079248
,39267.9936,0,0.3397504,0.3556,0.0079248
,39428.928,0,0.3397504,0.3556,0.0079248
,39589.8624,0,0.3397504,0.3556,0.0079248
,39750.7968,0,0.3397504,0.3556,0.0079248
,39911.7312,0,0.3397504,0.3556,0.0079248
,40072.6656,0,0.3397504,0.3556,0.0079248
,40233.6,0,0.3397504,0.3556,0.0079248
,40394.5344,0,0.3397504,0.3556,0.0079248
,40555.4688,0,0.3397504,0.3556,0.0079248
,40716.4032,0,0.3397504,0.3556,0.0079248
,40877.3376,0,0.3397504,0.3556,0.0079248
,41038.272,0,0.3397504,0.3556,0.0079248
,41199.2064,0,0.3397504,0.3556,0.0079248
,41360.1408,0,0.3397504,0.3556,0.0079248
,41521.0752,0,0.3397504,0.3556,0.0079248
,41682.0096,0,0.3397504,0.3556,0.0079248
,41842.944,0,0.3397504,0.3556,0.0079248
,42003.8784,0,0.3397504,0.3556,0.0079248
,42164.8128,0,0.3397504,0.3556,0.0079248
,42325.7472,0,0.3397504,0.3556,0.0079248
,42486.6816,0,0.3397504,0.3556,0.0079248
,42647.616,0,0.3397504,0.3556,0.0079248
,42808.5504,0,0.3397504,0.3556,0.0079248
,42969.4848,0,0.3397504,0.3556,0.0079248
,43130.4192,0,0.3397504,0.3556,0.0079248
,43291.3536,0,0.3397504,0.3556,0.0079248
,43452.288,0,0.3397504,0.3556,0.0079248
,43613.2224,0,0.3397504,0.3556,0.0079248
,43774.1568,0,0.3397504,0.3556,0.0079248
,43935.0912,0,0.3397504,0.3556,0.0079248
,44096.0256,0,0.3397504,0.3556,0.0079248
,44256.96,0,0.3397504,0.3556,0.0079248
,44417.8944,0,0.3397504,0.3556,0.0079248
,44578.8288,0,0.3397504,0.3556,0.0079248
,44739.7632,0,0.3397504,0.3556,0.0079248
,44900.6976,0,0.3397504,0.3556,0.0079248
,45061.632,0,0.3397504,0.3556,0.0079248
,45222.5664,0,0.3397504,0.3556,0.0079248
,45383.5008,0,0.3397504,0.3556,0.0079248
,45544.4352,0,0.3397504,0.3556,0.0079248
,45705.3696,0,0.3397504,0.3556,0.0079248
,45866.304,0,0.3397504,0.3556,0.0079248
,46027.2384,0,0.3397504,0.3556,0.0079248
,46188.1728,0,0.3397504,0.3556,0.0079248
,46349.1072,0,0.3397504,0.3556,0.0079248
,46510.0416,0,0.3397504,0.3556,0.0079248
,46670.976,0,0.3397504,0.3556,0.0079248
,46831.9104,0,0.3397504,0.3556,0.0079248
,46992.8448,0,0.3397504,0.3556,0.0079248
,47153.7792,0,0.3397504,0.3556,0.0079248
,47314.7136,0,0.3397504,0.3556,0.0079248
,47475.648,0,0.3397504,0.3556,0.0079248
,47636.5824,0,0.3397504,0.3556,0.0079248
,47797.5168,0,0.3397504,0.3556,0.0079248
,47958.4512,0,0.3397504,0.3556,0.0079248
,48119.3856,0,0.3397504,0.3556,0.0079248
,48280.32,0,0.3397504,0.3556,0.0079248
,48441.2544,0,0.3397504,0.3556,0.0079248
,48602.1888,0,0.3397504,0.3556,0.0079248
,48763.1232,0,0.3397504,0.3556,0.0079248
,48924.0576,0,0.3397504,0.3556,0.0079248
,49084.992,0,0.3397504,0.3556,0.0079248
,49245.9264,0,0.3397504,0.3556,0.0079248
,49406.8608,0,0.3397504,0.3556,0.0079248
,49567.7952,0,0.3397504,0.3556,0.0079248
,49728.7296,0,0.3397504,0.3556,0.0079248
,49889.664,0,0.3397504,0.3556,0.0079248
,50050.5984,0,0.3397504,0.3556,0.0079248
,50211.5328,0,0.3397504,0.3556,0.0079248
,50372.4672,0,0.3397504,0.3556,0.0079248
,50533.4016,0,0.3397504,0.3556,0.0079248
,50694.336,0,0.3397504,0.3556,0.0079248
,50855.2704,0,0.3397504,0.3556,0.0079248
,51016.2048,0,0.3397504,0.3556,0.0079248
,51177.1392,0,0.3397504,0.3556,0.0079248
,51338.0736,0,0.3397504,0.3556,0.0079248
,51499.008,0,0.3397504,0.3556,0.0079248
,51659.9424,0,0.3397504,0.3556,0.0079248
,51820.8768,0,0.3397504,0.3556,0.0079248
,51981.8112,0,0.3397504,0.3556,0.0079248
,52142.7456,0,0.3397504,0.3556,0.0079248
,52303.68,0,0.3397504,0.3556,0.0079248
,52464.6144,0,0.3397504,0.3556,0.0079248
,52625.5488,0,0.3397504,0.3556,0.0079248
,52786.4832,0,0.3397504,0.3556,0.0079248
,52947.4176,0,0.3397504,0.3556,0.0079248
,53108.352,0,0.3397504,0.3556,0.0079248
,53269.2864,0,0.3397504,0.3556,0.0079248
,53430.2208,0,0.3397504,0.3556,0.0079248
,53591.1552,0,0.3397504,0.3556,0.0079248
,53752.0896,0,0.3397504,0.3556,0.0079248
,53913.024,0,0.3397504,0.3556,0.0079248
,54073.9584,0,0.3397504,0.3556,0.0079248
,54234.8928,0,0.3397504,0.3556,0.0079248
,54395.8272,0,0.3397504,0.3556,0.0079248
,54556.7616,0,0.3397504,0.3556,0.0079248
,54717.696,0,0.3397504,0.3556,0.0079248
,54878.6304,0,0.3397504,0.3556,0.0079248
,55039.5648,0,0.3397504,0.3556,0.0079248
,55200.4992,0,0.3397504,0.3556,0.0079248
,55361.4336,0,0.3397504,0.3556,0.0079248
,55522.368,0,0.3397504,0.3556,0.0079248
,55683.3024,0,0.3397504,0.3556,0.0079248
,55844.2368,0,0.3397504,0.3556,0.0079248
,56005.1712,0,0.3397504,0.3556,0.0079248
,56166.1056,0,0.3397504,0.3556,0.0079248
,56327.04,0,0.3397504,0.3556,0.0079248
,56487.9744,0,0.3397504,0.3556,0.0079248
,56648.9088,0,0.3397504,0.3556,0.0079248
,56809.8432,0,0.3397504,0.3556,0.0079248
,56970.7776,0,0.3397504,0.3556,0.0079248
,57131.712,0,0.3397504,0.3556,0.0079248
,57292.6464,0,0.3397504,0.3556,0.0079248
,57453.5808,0,0.3397504,0.3556,0.0079248
,57614.5152,0,0.3397504,0.3556,0.0079248
,57775.4496,0,0.3397504,0.3556,0.0079248
,57936.384,0,0.3397504,0.3556,0.0079248
,58097.3184,0,0.3397504,0.3556,0.0079248
,58258.2528,0,0.3397504,0.3556,0.0079248
,58419.1872,0,0.3397504,0.3556,0.0079248
,58580.1216,0,0.3397504,0.3556,0.0079248
,58741.056,0,0.3397504,0.3556,0.0079248
,58901.9904,0,0.3397504,0.3556,0.0079248
,59062.9248,0,0.3397504,0.3556,0.0079248
,59223.8592,0,0.3397504,0.3556,0.0079248
,59384.7936,0,0.3397504,0.3556,0.0079248
,59545.728,0,0.3397504,0.3556,0.0079248
,59706.6624,0,0.3397504,0.3556,0.0079248
,59867.5968,0,0.3397504,0.3556,0.0079248
,60028.5312,0,0.3397504,0.3556,0.0079248
,60189.4656,0,0.3397504,0.3556,0.0079248
,60350.4,0,0.3397504,0.3556,0.0079248
,60511.3344,0,0.3397504,0.3556,0.0079248
,60672.2688,0,0.3397504,0.3556,0.0079248
,60833.2032,0,0.3397504,0.3556,0.0079248
,60994.1376,0,0.3397504,0.3556,0.0079248
,61155.072,0,0.3397504,0.3556,0.0079248
,61316.0064,0,0.3397504,0.3556,0.0079248
,61476.9408,0,0.3397504,0.3556,0.0079248
,61637.8752,0,0.3397504,0.3556,0.0079248
,61798.8096,0,0.3397504,0.3556,0.0079248
,61959.744,0,0.3397504,0.3556,0.0079248
,62120.6784,0,0.3397504,0.3556,0.0079248
,62281.6128,0,0.3397504,0.3556,0.0079248
,62442.5472,0,0.3397504,0.3556,0.0079248
,62603.4816,0,0.3397504,0.3556,0.0079248
,62764.416,0,0.3397504,0.3556,0.0079248
,62925.3504,0,0.3397504,0.3556,0.0079248
,63086.2848,0,0.3397504,0.3556,0.0079248
,63247.2192,0,0.3397504,0.3556,0.0079248
,63408.1536,0,0.3397504,0.3556,0.0079248
,63569.088,0,0.3397504,0.3556,0.0079248
,63730.0224,0,0.3397504,0.3556,0.0079248
,63890.9568,0,0.3397504,0.3556,0.0079248
,64051.8912,0,0.3397504,0.3556,0.0079248
,64212.8256,0,0.3397504,0.3556,0.0079248
,64373.76,0,0.3397504,0.3556,0.0079248
,64534.6944,0,0.3397504,0.3556,0.0079248
,64695.6288,0,0.3397504,0.3556,0.0079248
,64856.5632,0,0.3397504,0.3556,0.0079248
,65017.4976,0,0.3397504,0.3556,0.0079248
,65178.432,0,0.3397504,0.3556,0.0079248
,65339.3664,0,0.3397504,0.3556,0.0079248
,65500.3008,0,0.3397504,0.3556,0.0079248
,65661.2352,0,0.3397504,0.3556,0.0079248
,65822.1696,0,0.3397504,0.3556,0.0079248
,65983.104,0,0.3397504,0.3556,0.0079248
,66144.0384,0,0.3397504,0.3556,0.0079248
,66304.9728,0,0.3397504,0.3556,0.0079248
,66465.9072,0,0.3397504,0.3556,0.0079248
,66626.8416,0,0.3397504,0.3556,0.0079248
,66787.776,0,0.3397504,0.3556,0.0079248
,66948.7104,0,0.3397504,0.3556,0.0079248
,67109.6448,0,0.3397504,0.3556,0.0079248
,67270.5792,0,0.3397504,0.3556,0.0079248
,67431.5136,0,0.3397504,0.3556,0.0079248
,67592.448,0,0.3397504,0.3556,0.0079248
,67753.3824,0,0.3397504,0.3556,0.0079248
,67914.3168,0,0.3397504,0.3556,0.0079248
,68075.2512,0,0.3397504,0.3556,0.0079248
,68236.1856,0,0.3397504,0.3556,0.0079248
,68397.12,0,0.3397504,0.3556,0.0079248
,68558.0544,0,0.3397504,0.3556,0.0079248
,68718.9888,0,0.3397504,0.3556,0.0079248
,68879.9232,0,0.3397504,0.3556,0.0079248
,69040.8576,0,0.3397504,0.3556,0.0079248
,69201.792,0,0.3397504,0.3556,0.0079248
,69362.7264,0,0.3397504,0.3556,0.0079248
,69523.6608,0,0.3397504,0.3556,0.0079248
,69684.5952,0,0.3397504,0.3556,0.0079248
,69845.5296,0,0.3397504,0.3556,0.0079248
,70006.464,0,0.3397504,0.3556,0.0079248
,70167.3984,0,0.3397504,0.3556,0.0079248
,70328.3328,0,0.3397504,0.3556,0.0079248
,70489.2672,0,0.3397504,0.3556,0.0079248
,70650.2016,0,0.3397504,0.3556,0.0079248
,70811.136,0,0.3397504,0.3556,0.0079248
,70972.0704,0,0.3397504,0.3556,0.0079248
,71133.0048,0,0.3397504,0.3556,0.0079248
,71293.9392,0,0.3397504,0.3556,0.0079248
,71454.8736,0,0.3397504,0.3556,0.0079248
,71615.808,0,0.3397504,0.3556,0.0079248
,71776.7424,0,0.3397504,0.3556,0.0079248
,71937.6768,0,0.3397504,0.3556,0.0079248
,72098.6112,0,0.3397504,0.3556,0.0079248
,72259.5456,0,0.3397504,0.3556,0.0079248
,72420.48,0,0.3397504,0.3556,0.0079248
,72581.4144,0,0.3397504,0.3556,0.0079248
,72742.3488,0,0.3397504,0.3556,0.0079248
,72903.2832,0,0.3397504,0.3556,0.0079248
,73064.2176,0,0.3397504,0.3556,0.0079248
,73225.152,0,0.3397504,0.3556,0.0079248
,73386.0864,0,0.3397504,0.3556,0.0079248
,73547.0208,0,0.3397504,0.3556,0.0079248
,73707.9552,0,0.3397504,0.3556,0.0079248
,73868.8896,0,0.3397504,0.3556,0.0079248
,74029.824,0,0.3397504,0.3556,0.0079248
,74190.7584,0,0.3397504,0.3556,0.0079248
,74351.6928,0,0.3397504,0.3556,0.0079248
,74512.6272,0,0.3397504,0.3556,0.0079248
,74673.5616,0,0.3397504,0.3556,0.0079248
,74834.496,0,0.3397504,0.3556,0.0079248
,74995.4304,0,0.3397504,0.3556,0.0079248
,75156.3648,0,0.3397504,0.3556,0.0079248
,75317.2992,0,0.3397504,0.3556,0.0079248
,75478.2336,0,0.3397504,0.3556,0.0079248
,75639.168,0,0.3397504,0.3556,0.0079248
,75800.1024,0,0.3397504,0.3556,0.0079248
,75961.0368,0,0.3397504,0.3556,0.0079248
,76121.9712,0,0.3397504,0.3556,0.0079248
,76282.9056,0,0.3397504,0.3556,0.0079248
,76443.84,0,0.3397504,0.3556,0.0079248
,76604.7744,0,0.3397504,0.3556,0.0079248
,76765.7088,0,0.3397504,0.3556,0.0079248
,76926.6432,0,0.3397504,0.3556,0.0079248
,77087.5776,0,0.3397504,0.3556,0.0079248
,77248.512,0,0.3397504,0.3556,0.0079248
,77409.4464,0,0.3397504,0.3556,0.0079248
,77570.3808,0,0.3397504,0.3556,0.0079248
,77731.3152,0,0.3397504,0.3556,0.0079248
,77892.2496,0,0.3397504,0.3556,0.0079248
,78053.184,0,0.3397504,0.3556,0.0079248
,78214.1184,0,0.3397504,0.3556,0.0079248
,78375.0528,0,0.3397504,0.3556,0.0079248
,78535.9872,0,0.3397504,0.3556,0.0079248
,78696.9216,0,0.3397504,0.3556,0.0079248
,78857.856,0,0.3397504,0.3556,0.0079248
,79018.7904,0,0.3397504,0.3556,0.0079248
,79179.7248,0,0.3397504,0.3556,0.0079248
,79340.6592,0,0.3397504,0.3556,0.0079248
,79501.5936,0,0.3397504,0.3556,0.0079248
,79662.528,0,0.3397504,0.3556,0.0079248
,79823.4624,0,0.3397504,0.3556,0.0079248
,79984.3968,0,0.3397504,0.3556,0.0079248
,80145.3312,0,0.3397504,0.3556,0.0079248
,80306.2656,0,0.3397504,0.3556,0.0079248
,80467.2,0,0.3397504,0.3556,0.0079248
,80628.1344,0,0.3397504,0.3556,0.0079248
,80789.0688,0,0.3397504,0.3556,0.0079248
,80950.0032,0,0.3397504,0.3556,0.0079248
,81110.9376,0,0.3397504,0.3556,0.0079248
,81271.872,0,0.3397504,0.3556,0.0079248
,81432.8064,0,0.3397504,0.3556,0.0079248
,81593.7408,0,0.3397504,0.3556,0.0079248
,81754.6752,0,0.3397504,0.3556,0.0079248
,81915.6096,0,0.3397504,0.3556,0.0079248
,82076.544,0,0.3397504,0.3556,0.0079248
,82237.4784,0,0.3397504,0.3556,0.0079248
,82398.4128,0,0.3397504,0.3556,0.0079248
,82559.3472,0,0.3397504,0.3556,0.0079248
,82720.2816,0,0.3397504,0.3556,0.0079248
,82881.216,0,0.3397504,0.3556,0.0079248
,83042.1504,0,0.3397504,0.3556,0.0079248
,83203.0848,0,0.3397504,0.3556,0.0079248
,83364.0192,0,0.3397504,0.3556,0.0079248
,83524.9536,0,0.3397504,0.3556,0.0079248
,83685.888,0,0.3397504,0.3556,0.0079248
,83846.8224,0,0.3397504,0.3556,0.0079248
,84007.7568,0,0.3397504,0.3556,0.0079248
,84168.6912,0,0.3397504,0.3556,0.0079248
,84329.6256,0,0.3397504,0.3556,0.0079248
,84490.56,0,0.3397504,0.3556,0.0079248
,84651.4944,0,0.3397504,0.3556,0.0079248
,84812.4288,0,0.3397504,0.3556,0.0079248
,84973.3632,0,0.3397504,0.3556,0.0079248
,85134.2976,0,0.3397504,0.3556,0.0079248
,85295.232,0,0.3397504,0.3556,0.0079248
,85456.1664,0,0.3397504,0.3556,0.0079248
,85617.1008,0,0.3397504,0.3556,0.0079248
,85778.0352,0,0.3397504,0.3556,0.0079248
,85938.9696,0,0.3397504,0.3556,0.0079248
,86099.904,0,0.3397504,0.3556,0.0079248
,86260.8384,0,0.3397504,0.3556,0.0079248
,86421.7728,0,0.3397504,0.3556,0.0079248
,86582.7072,0,0.3397504,0.3556,0.0079248
,86743.6416,0,0.3397504,0.3556,0.0079248
,86904.576,0,0.3397504,0.3556,0.0079248
,87065.5104,0,0.3397504,0.3556,0.0079248
,87226.4448,0,0.3397504,0.3556,0.0079248
,87387.3792,0,0.3397504,0.3556,0.0079248
,87548.3136,0,0.3397504,0.3556,0.0079248
,87709.248,0,0.3397504,0.3556,0.0079248
,87870.1824,0,0.3397504,0.3556,0.0079248
,88031.1168,0,0.3397504,0.3556,0.0079248
,88192.0512,0,0.3397504,0.3556,0.0079248
,88352.9856,0,0.3397504,0.3556,0.0079248
,88513.92,0,0.3397504,0.3556,0.0079248
,88674.8544,0,0.3397504,0.3556,0.0079248
,88835.7888,0,0.3397504,0.3556,0.0079248
,88996.7232,0,0.3397504,0.3556,0.0079248
,89157.6576,0,0.3397504,0.3556,0.0079248
,89318.592,0,0.3397504,0.3556,0.0079248
,89479.5264,0,0.3397504,0.3556,0.0079248
,89640.4608,0,0.3397504,0.3556,0.0079248
,89801.3952,0,0.3397504,0.3556,0.0079248
,89962.3296,0,0.3397504,0.3556,0.0079248
,90123.264,0,0.3397504,0.3556,0.0079248
,90284.1984,0,0.3397504,0.3556,0.0079248
,90445.1328,0,0.3397504,0.3556,0.0079248
,90606.0672,0,0.3397504,0.3556,0.0079248
,90767.0016,0,0.3397504,0.3556,0.0079248
,90927.936,0,0.3397504,0.3556,0.0079248
,91088.8704,0,0.3397504,0.3556,0.0079248
,91249.8048,0,0.3397504,0.3556,0.0079248
,91410.7392,0,0.3397504,0.3556,0.0079248
,91571.6736,0,0.3397504,0.3556,0.0079248
,91732.608,0,0.3397504,0.3556,0.0079248
,91893.5424,0,0.3397504,0.3556,0.0079248
,92054.4768,0,0.3397504,0.3556,0.0079248
,92215.4112,0,0.3397504,0.3556,0.0079248
,92376.3456,0,0.3397504,0.3556,0.0079248
,92537.28,0,0.3397504,0.3556,0.0079248
,92698.2144,0,0.3397504,0.3556,0.0079248
,92859.1488,0,0.3397504,0.3556,0.0079248
,93020.0832,0,0.3397504,0.3556,0.0079248
,93181.0176,0,0.3397504,0.3556,0.0079248
,93341.952,0,0.3397504,0.3556,0.0079248
,93502.8864,0,0.3397504,0.3556,0.0079248
,93663.8208,0,0.3397504,0.3556,0.0079248
,93824.7552,0,0.3397504,0.3556,0.0079248
,93985.6896,0,0.3397504,0.3556,0.0079248
,94146.624,0,0.3397504,0.3556,0.0079248
,94307.5584,0,0.3397504,0.3556,0.0079248
,94468.4928,0,0.3397504,0.3556,0.0079248
,94629.4272,0,0.3397504,0.3556,0.0079248
,94790.3616,0,0.3397504,0.3556,0.0079248
,94951.296,0,0.3397504,0.3556,0.0079248
,95112.2304,0,0.3397504,0.3556,0.0079248
,95273.1648,0,0.3397504,0.3556,0.0079248
,95434.0992,0,0.3397504,0.3556,0.0079248
,95595.0336,0,0.3397504,0.3556,0.0079248
,95755.968,0,0.3397504,0.3556,0.0079248
,95916.9024,0,0.3397504,0.3556,0.0079248
,96077.8368,0,0.3397504,0.3556,0.0079248
,96238.7712,0,0.3397504,0.3556,0.0079248
,96399.7056,0,0.3397504,0.3556,0.0079248
,96560.64,0,0.3397504,0.3556,0.0079248
,96721.5744,0,0.3397504,0.3556,0.0079248
,96882.5088,0,0.3397504,0.3556,0.0079248
,97043.4432,0,0.3397504,0.3556,0.0079248
,97204.3776,0,0.3397504,0.3556,0.0079248
,97365.312,0,0.3397504,0.3556,0.0079248
,97526.2464,0,0.3397504,0.3556,0.0079248
,97687.1808,0,0.3397504,0.3556,0.0079248
,97848.1152,0,0.3397504,0.3556,0.0079248
,98009.0496,0,0.3397504,0.3556,0.0079248
,98169.984,0,0.3397504,0.3556,0.0079248
,98330.9184,0,0.3397504,0.3556,0.0079248
,98491.8528,0,0.3397504,0.3556,0.0079248
,98652.7872,0,0.3397504,0.3556,0.0079248
,98813.7216,0,0.3397504,0.3556,0.0079248
,98974.656,0,0.3397504,0.3556,0.0079248
,99135.5904,0,0.3397504,0.3556,0.0079248
,99296.5248,0,0.3397504,0.3556,0.0079248
,99457.4592,0,0.3397504,0.3556,0.0079248
,99618.3936,0,0.3397504,0.3556,0.0079248
,99779.328,0,0.3397504,0.3556,0.0079248
,99940.2624,0,0.3397504,0.3556,0.0079248
,100101.1968,0,0.3397504,0.3556,0.0079248
,100262.1312,0,0.3397504,0.3556,0.0079248
,100423.0656,0,0.3397504,0.3556,0.0079248
,100584,0,0.3397504,0.3556,0.0079248
,100744.9344,0,0.3397504,0.3556,0.0079248
,100905.8688,0,0.3397504,0.3556,0.0079248
,101066.8032,0,0.3397504,0.3556,0.0079248
,101227.7376,0,0.3397504,0.3556,0.0079248
,101388.672,0,0.3397504,0.3556,0.0079248
,101549.6064,0,0.3397504,0.3556,0.0079248
,101710.5408,0,0.3397504,0.3556,0.0079248
,101871.4752,0,0.3397504,0.3556,0.0079248
,102032.4096,0,0.3397504,0.3556,0.0079248
,102193.344,0,0.3397504,0.3556,0.0079248
,102354.2784,0,0.3397504,0.3556,0.0079248
,102515.2128,0,0.3397504,0.3556,0.0079248
,102676.1472,0,0.3397504,0.3556,0.0079248
,102837.0816,0,0.3397504,0.3556,0.0079248
,102998.016,0,0.3397504,0.3556,0.0079248
,103158.9504,0,0.3397504,0.3556,0.0079248
,103319.8848,0,0.3397504,0.3556,0.0079248
,103480.8192,0,0.3397504,0.3556,0.0079248
,103641.7536,0,0.3397504,0.3556,0.0079248
,103802.688,0,0.3397504,0.3556,0.0079248
,103963.6224,0,0.3397504,0.3556,0.0079248
,104124.5568,0,0.3397504,0.3556,0.0079248
,104285.4912,0,0.3397504,0.3556,0.0079248
,104446.4256,0,0.3397504,0.3556,0.0079248
,104607.36,0,0.3397504,0.3556,0.0079248
,104768.2944,0,0.3397504,0.3556,0.0079248
,104929.2288,0,0.3397504,0.3556,0.0079248
,105090.1632,0,0.3397504,0.3556,0.0079248
,105251.0976,0,0.3397504,0.3556,0.0079248
,105412.032,0,0.3397504,0.3556,0.0079248
,105572.9664,0,0.3397504,0.3556,0.0079248
,105733.9008,0,0.3397504,0.3556,0.0079248
,105894.8352,0,0.3397504,0.3556,0.0079248
,106055.7696,0,0.3397504,0.3556,0.0079248
,106216.704,0,0.3397504,0.3556,0.0079248
,106377.6384,0,0.3397504,0.3556,0.0079248
,106538.5728,0,0.3397504,0.3556,0.0079248
,106699.5072,0,0.3397504,0.3556,0.0079248
,106860.4416,0,0.3397504,0.3556,0.0079248
,107021.376,0,0.3397504,0.3556,0.0079248
,107182.3104,0,0.3397504,0.3556,0.0079248
,107343.2448,0,0.3397504,0.3556,0.0079248
,107504.1792,0,0.3397504,0.3556,0.0079248
,107665.1136,0,0.3397504,0.3556,0.0079248
,107826.048,0,0.3397504,0.3556,0.0079248
,107986.9824,0,0.3397504,0.3556,0.0079248
,108147.9168,0,0.3397504,0.3556,0.0079248
,108308.8512,0,0.3397504,0.3556,0.0079248
,108469.7856,0,0.3397504,0.3556,0.0079248
,108630.72,0,0.3397504,0.3556,0.0079248
,108791.6544,0,0.3397504,0.3556,0.0079248
,108952.5888,0,0.3397504,0.3556,0.0079248
,109113.5232,0,0.3397504,0.3556,0.0079248
,109274.4576,0,0.3397504,0.3556,0.0079248
,109435.392,0,0.3397504,0.3556,0.0079248
,109596.3264,0,0.3397504,0.3556,0.0079248
,109757.2608,0,0.3397504,0.3556,0.0079248
,109918.1952,0,0.3397504,0.3556,0.0079248
,110079.1296,0,0.3397504,0.3556,0.0079248
,110240.064,0,0.3397504,0.3556,0.0079248
,110400.9984,0,0.3397504,0.3556,0.0079248
,110561.9328,0,0.3397504,0.3556,0.0079248
,110722.8672,0,0.3397504,0.3556,0.0079248
,110883.8016,0,0.3397504,0.3556,0.0079248
,111044.736,0,0.3397504,0.3556,0.0079248
,111205.6704,0,0.3397504,0.3556,0.0079248
,111366.6048,0,0.3397504,0.3556,0.0079248
,111527.5392,0,0.3397504,0.3556,0.0079248
,111688.4736,0,0.3397504,0.3556,0.0079248
,111849.408,0,0.3397504,0.3556,0.0079248
,112010.3424,0,0.3397504,0.3556,0.0079248
,112171.2768,0,0.3397504,0.3556,0.0079248
,112332.2112,0,0.3397504,0.3556,0.0079248
,112493.1456,0,0.3397504,0.3556,0.0079248
,112654.08,0,0.3397504,0.3556,0.0079248
,112815.0144,0,0.3397504,0.3556,0.0079248
,112975.9488,0,0.3397504,0.3556,0.0079248
,113136.8832,0,0.3397504,0.3556,0.0079248
,113297.8176,0,0.3397504,0.3556,0.0079248
,113458.752,0,0.3397504,0.3556,0.0079248
,113619.6864,0,0.3397504,0.3556,0.0079248
,113780.6208,0,0.3397504,0.3556,0.0079248
,113941.5552,0,0.3397504,0.3556,0.0079248
,114102.4896,0,0.3397504,0.3556,0.0079248
,114263.424,0,0.3397504,0.3556,0.0079248
,114424.3584,0,0.3397504,0.3556,0.0079248
,114585.2928,0,0.3397504,0.3556,0.0079248
,114746.2272,0,0.3397504,0.3556,0.0079248
,114907.1616,0,0.3397504,0.3556,0.0079248
,115068.096,0,0.3397504,0.3556,0.0079248
,115229.0304,0,0.3397504,0.3556,0.0079248
,115389.9648,0,0.3397504,0.3556,0.0079248
,115550.8992,0,0.3397504,0.3556,0.0079248
,115711.8336,0,0.3397504,0.3556,0.0079248
,115872.768,0,0.3397504,0.3556,0.0079248
,116033.7024,0,0.3397504,0.3556,0.0079248
,116194.6368,0,0.3397504,0.3556,0.0079248
,116355.5712,0,0.3397504,0.3556,0.0079248
,116516.5056,0,0.3397504,0.3556,0.0079248
,116677.44,0,0.3397504,0.3556,0.0079248
,116838.3744,0,0.3397504,0.3556,0.0079248
,116999.3088,0,0.3397504,0.3556,0.0079248
,117160.2432,0,0.3397504,0.3556,0.0079248
,117321.1776,0,0.3397504,0.3556,0.0079248
,117482.112,0,0.3397504,0.3556,0.0079248
,117643.0464,0,0.3397504,0.3556,0.0079248
,117803.9808,0,0.3397504,0.3556,0.0079248
,117964.9152,0,0.3397504,0.3556,0.0079248
,118125.8496,0,0.3397504,0.3556,0.0079248
,118286.784,0,0.3397504,0.3556,0.0079248
,118447.7184,0,0.3397504,0.3556,0.0079248
,118608.6528,0,0.3397504,0.3556,0.0079248
,118769.5872,0,0.3397504,0.3556,0.0079248
,118930.5216,0,0.3397504,0.3556,0.0079248
,119091.456,0,0.3397504,0.3556,0.0079248
,119252.3904,0,0.3397504,0.3556,0.0079248
,119413.3248,0,0.3397504,0.3556,0.0079248
,119574.2592,0,0.3397504,0.3556,0.0079248
,119735.1936,0,0.3397504,0.3556,0.0079248
,119896.128,0,0.3397504,0.3556,0.0079248
,120057.0624,0,0.3397504,0.3556,0.0079248
,120217.9968,0,0.3397504,0.3556,0.0079248
,120378.9312,0,0.3397504,0.3556,0.0079248
,120539.8656,0,0.3397504,0.3556,0.0079248
,120700.8,0,0.3397504,0.3556,0.0079248
,120861.7344,0,0.3397504,0.3556,0.0079248
,121022.6688,0,0.3397504,0.3556,0.0079248
,121183.6032,0,0.3397504,0.3556,0.0079248
,121344.5376,0,0.3397504,0.3556,0.0079248
,121505.472,0,0.3397504,0.3556,0.0079248
,121666.4064,0,0.3397504,0.3556,0.0079248
,121827.3408,0,0.3397504,0.3556,0.0079248
,121988.2752,0,0.3397504,0.3556,0.0079248
,122149.2096,0,0.3397504,0.3556,0.0079248
,122310.144,0,0.3397504,0.3556,0.0079248
,122471.0784,0,0.3397504,0.3556,0.0079248
,122632.0128,0,0.3397504,0.3556,0.0079248
,122792.9472,0,0.3397504,0.3556,0.0079248
,122953.8816,0,0.3397504,0.3556,0.0079248
,123114.816,0,0.3397504,0.3556,0.0079248
,123275.7504,0,0.3397504,0.3556,0.0079248
,123436.6848,0,0.3397504,0.3556,0.0079248
,123597.6192,0,0.3397504,0.3556,0.0079248
,123758.5536,0,0.3397504,0.3556,0.0079248
,123919.488,0,0.3397504,0.3556,0.0079248
,124080.4224,0,0.3397504,0.3556,0.0079248
,124241.3568,0,0.3397504,0.3556,0.0079248
,124402.2912,0,0.3397504,0.3556,0.0079248
,124563.2256,0,0.3397504,0.3556,0.0079248
,124724.16,0,0.3397504,0.3556,0.0079248
,124885.0944,0,0.3397504,0.3556,0.0079248
,125046.0288,0,0.3397504,0.3556,0.0079248
,125206.9632,0,0.3397504,0.3556,0.0079248
,125367.8976,0,0.3397504,0.3556,0.0079248
,125528.832,0,0.3397504,0.3556,0.0079248
,125689.7664,0,0.3397504,0.3556,0.0079248
,125850.7008,0,0.3397504,0.3556,0.0079248
,126011.6352,0,0.3397504,0.3556,0.0079248
,126172.5696,0,0.3397504,0.3556,0.0079248
,126333.504,0,0.3397504,0.3556,0.0079248
,126494.4384,0,0.3397504,0.3556,0.0079248
,126655.3728,0,0.3397504,0.3556,0.0079248
,126816.3072,0,0.3397504,0.3556,0.0079248
,126977.2416,0,0.3397504,0.3556,0.0079248
,127138.176,0,0.3397504,0.3556,0.0079248
,127299.1104,0,0.3397504,0.3556,0.0079248
,127460.0448,0,0.3397504,0.3556,0.0079248
,127620.9792,0,0.3397504,0.3556,0.0079248
,127781.9136,0,0.3397504,0.3556,0.0079248
,127942.848,0,0.3397504,0.3556,0.0079248
,128103.7824,0,0.3397504,0.3556,0.0079248
,128264.7168,0,0.3397504,0.3556,0.0079248
,128425.6512,0,0.3397504,0.3556,0.0079248
,128586.5856,0,0.3397504,0.3556,0.0079248
,128747.52,0,0.3397504,0.3556,0.0079248
,128908.4544,0,0.3397504,0.3556,0.0079248
,129069.3888,0,0.3397504,0.3556,0.0079248
,129230.3232,0,0.3397504,0.3556,0.0079248
,129391.2576,0,0.3397504,0.3556,0.0079248
,129552.192,0,0.3397504,0.3556,0.0079248
,129713.1264,0,0.3397504,0.3556,0.0079248
,129874.0608,0,0.3397504,0.3556,0.0079248
,130034.9952,0,0.3397504,0.3556,0.0079248
,130195.9296,0,0.3397504,0.3556,0.0079248
,130356.864,0,0.3397504,0.3556,0.0079248
,130517.7984,0,0.3397504,0.3556,0.0079248
,130678.7328,0,0.3397504,0.3556,0.0079248
,130839.6672,0,0.3397504,0.3556,0.0079248
,131000.6016,0,0.3397504,0.3556,0.0079248
,131161.536,0,0.3397504,0.3556,0.0079248
,131322.4704,0,0.3397504,0.3556,0.0079248
,131483.4048,0,0.3397504,0.3556,0.0079248
,131644.3392,0,0.3397504,0.3556,0.0079248
,131805.2736,0,0.3397504,0.3556,0.0079248
,131966.208,0,0.3397504,0.3556,0.0079248
,132127.1424,0,0.3397504,0.3556,0.0079248
,132288.0768,0,0.3397504,0.3556,0.0079248
,132449.0112,0,0.3397504,0.3556,0.0079248
,132609.9456,0,0.3397504,0.3556,0.0079248
,132770.88,0,0.3397504,0.3556,0.0079248
,132931.8144,0,0.3397504,0.3556,0.0079248
,133092.7488,0,0.3397504,0.3556,0.0079248
,133253.6832,0,0.3397504,0.3556,0.0079248
,133414.6176,0,0.3397504,0.3556,0.0079248
,133575.552,0,0.3397504,0.3556,0.0079248
,133736.4864,0,0.3397504,0.3556,0.0079248
,133897.4208,0,0.3397504,0.3556,0.0079248
,134058.3552,0,0.3397504,0.3556,0.0079248
,134219.2896,0,0.3397504,0.3556,0.0079248
,134380.224,0,0.3397504,0.3556,0.0079248
,134541.1584,0,0.3397504,0.3556,0.0079248
,134702.0928,0,0.3397504,0.3556,0.0079248
,134863.0272,0,0.3397504,0.3556,0.0079248
,135023.9616,0,0.3397504,0.3556,0.0079248
,135184.896,0,0.3397504,0.3556,0.0079248
,135345.8304,0,0.3397504,0.3556,0.0079248
,135506.7648,0,0.3397504,0.3556,0.0079248
,135667.6992,0,0.3397504,0.3556,0.0079248
,135828.6336,0,0.3397504,0.3556,0.0079248
,135989.568,0,0.3397504,0.3556,0.0079248
,136150.5024,0,0.3397504,0.3556,0.0079248
,136311.4368,0,0.3397504,0.3556,0.0079248
,136472.3712,0,0.3397504,0.3556,0.0079248
,136633.3056,0,0.3397504,0.3556,0.0079248
,136794.24,0,0.3397504,0.3556,0.0079248
,136955.1744,0,0.3397504,0.3556,0.0079248
,137116.1088,0,0.3397504,0.3556,0.0079248
,137277.0432,0,0.3397504,0.3556,0.0079248
,137437.9776,0,0.3397504,0.3556,0.0079248
,137598.912,0,0.3397504,0.3556,0.0079248
,137759.8464,0,0.3397504,0.3556,0.0079248
,137920.7808,0,0.3397504,0.3556,0.0079248
,138081.7152,0,0.3397504,0.3556,0.0079248
,138242.6496,0,0.3397504,0.3556,0.0079248
,138403.584,0,0.3397504,0.3556,0.0079248
,138564.5184,0,0.3397504,0.3556,0.0079248
,138725.4528,0,0.3397504,0.3556,0.0079248
,138886.3872,0,0.3397504,0.3556,0.0079248
,139047.3216,0,0.3397504,0.3556,0.0079248
,139208.256,0,0.3397504,0.3556,0.0079248
,139369.1904,0,0.3397504,0.3556,0.0079248
,139530.1248,0,0.3397504,0.3556,0.0079248
,139691.0592,0,0.3397504,0.3556,0.0079248
,139851.9936,0,0.3397504,0.3556,0.0079248
,140012.928,0,0.3397504,0.3556,0.0079248
,140173.8624,0,0.3397504,0.3556,0.0079248
,140334.7968,0,0.3397504,0.3556,0.0079248
,140495.7312,0,0.3397504,0.3556,0.0079248
,140656.6656,0,0.3397504,0.3556,0.0079248
,140817.6,0,0.3397504,0.3556,0.0079248
,140978.5344,0,0.3397504,0.3556,0.0079248
,141139.4688,0,0.3397504,0.3556,0.0079248
,141300.4032,0,0.3397504,0.3556,0.0079248
,141461.3376,0,0.3397504,0.3556,0.0079248
,141622.272,0,0.3397504,0.3556,0.0079248
,141783.2064,0,0.3397504,0.3556,0.0079248
,141944.1408,0,0.3397504,0.3556,0.0079248
,142105.0752,0,0.3397504,0.3556,0.0079248
,142266.0096,0,0.3397504,0.3556,0.0079248
,142426.944,0,0.3397504,0.3556,0.0079248
,142587.8784,0,0.3397504,0.3556,0.0079248
,142748.8128,0,0.3397504,0.3556,0.0079248
,142909.7472,0,0.3397504,0.3556,0.0079248
,143070.6816,0,0.3397504,0.3556,0.0079248
,143231.616,0,0.3397504,0.3556,0.0079248
,143392.5504,0,0.3397504,0.3556,0.0079248
,143553.4848,0,0.3397504,0.3556,0.0079248
,143714.4192,0,0.3397504,0.3556,0.0079248
,143875.3536,0,0.3397504,0.3556,0.0079248
,144036.288,0,0.3397504,0.3556,0.0079248
,144197.2224,0,0.3397504,0.3556,0.0079248
,144358.1568,0,0.3397504,0.3556,0.0079248
,144519.0912,0,0.3397504,0.3556,0.0079248
,144680.0256,0,0.3397504,0.3556,0.0079248
,144840.96,0,0.3397504,0.3556,0.0079248
,145001.8944,0,0.3397504,0.3556,0.0079248
,145162.8288,0,0.3397504,0.3556,0.0079248
,145323.7632,0,0.3397504,0.3556,0.0079248
,145484.6976,0,0.3397504,0.3556,0.0079248
,145645.632,0,0.3397504,0.3556,0.0079248
,145806.5664,0,0.3397504,0.3556,0.0079248
,145967.5008,0,0.3397504,0.3556,0.0079248
,146128.4352,0,0.3397504,0.3556,0.0079248
,146289.3696,0,0.3397504,0.3556,0.0079248
,146450.304,0,0.3397504,0.3556,0.0079248
,146611.2384,0,0.3397504,0.3556,0.0079248
,146772.1728,0,0.3397504,0.3556,0.0079248
,146933.1072,0,0.3397504,0.3556,0.0079248
,147094.0416,0,0.3397504,0.3556,0.0079248
,147254.976,0,0.3397504,0.3556,0.0079248
,147415.9104,0,0.3397504,0.3556,0.0079248
,147576.8448,0,0.3397504,0.3556,0.0079248
,147737.7792,0,0.3397504,0.3556,0.0079248
,147898.7136,0,0.3397504,0.3556,0.0079248
,148059.648,0,0.3397504,0.3556,0.0079248
,148220.5824,0,0.3397504,0.3556,0.0079248
,148381.5168,0,0.3397504,0.3556,0.0079248
,148542.4512,0,0.3397504,0.3556,0.0079248
,148703.3856,0,0.3397504,0.3556,0.0079248
,148864.32,0,0.3397504,0.3556,0.0079248
,149025.2544,0,0.3397504,0.3556,0.0079248
,149186.1888,0,0.3397504,0.3556,0.0079248
,149347.1232,0,0.3397504,0.3556,0.0079248
,149508.0576,0,0.3397504,0.3556,0.0079248
,149668.992,0,0.3397504,0.3556,0.0079248
,149829.9264,0,0.3397504,0.3556,0.0079248
,149990.8608,0,0.3397504,0.3556,0.0079248
,150151.7952,0,0.3397504,0.3556,0.0079248
,150312.7296,0,0.3397504,0.3556,0.0079248
,150473.664,0,0.3397504,0.3556,0.0079248
,150634.5984,0,0.3397504,0.3556,0.0079248
,150795.5328,0,0.3397504,0.3556,0.0079248
,150956.4672,0,0.3397504,0.3556,0.0079248
,151117.4016,0,0.3397504,0.3556,0.0079248
,151278.336,0,0.3397504,0.3556,0.0079248
,151439.2704,0,0.3397504,0.3556,0.0079248
,151600.2048,0,0.3397504,0.3556,0.0079248
,151761.1392,0,0.3397504,0.3556,0.0079248
,151922.0736,0,0.3397504,0.3556,0.0079248
,152083.008,0,0.3397504,0.3556,0.0079248
,152243.9424,0,0.3397504,0.3556,0.0079248
,152404.8768,0,0.3397504,0.3556,0.0079248
,152565.8112,0,0.3397504,0.3556,0.0079248
,152726.7456,0,0.3397504,0.3556,0.0079248
,152887.68,0,0.3397504,0.3556,0.0079248
,153048.6144,0,0.3397504,0.3556,0.0079248
,153209.5488,0,0.3397504,0.3556,0.0079248
,153370.4832,0,0.3397504,0.3556,0.0079248
,153531.4176,0,0.3397504,0.3556,0.0079248
,153692.352,0,0.3397504,0.3556,0.0079248
,153853.2864,0,0.3397504,0.3556,0.0079248
,154014.2208,0,0.3397504,0.3556,0.0079248
,154175.1552,0,0.3397504,0.3556,0.0079248
,154336.0896,0,0.3397504,0.3556,0.0079248
,154497.024,0,0.3397504,0.3556,0.0079248
,154657.9584,0,0.3397504,0.3556,0.0079248
,154818.8928,0,0.3397504,0.3556,0.0079248
,154979.8272,0,0.3397504,0.3556,0.0079248
,155140.7616,0,0.3397504,0.3556,0.0079248
,155301.696,0,0.3397504,0.3556,0.0079248
,155462.6304,0,0.3397504,0.3556,0.0079248
,155623.5648,0,0.3397504,0.3556,0.0079248
,155784.4992,0,0.3397504,0.3556,0.0079248
,155945.4336,0,0.3397504,0.3556,0.0079248
,156106.368,0,0.3397504,0.3556,0.0079248
,156267.3024,0,0.3397504,0.3556,0.0079248
,156428.2368,0,0.3397504,0.3556,0.0079248
,156589.1712,0,0.3397504,0.3556,0.0079248
,156750.1056,0,0.3397504,0.3556,0.0079248
,156911.04,0,0.3397504,0.3556,0.0079248
,157071.9744,0,0.3397504,0.3556,0.0079248
,157232.9088,0,0.3397504,0.3556,0.0079248
,157393.8432,0,0.3397504,0.3556,0.0079248
,157554.7776,0,0.3397504,0.3556,0.0079248
,157715.712,0,0.3397504,0.3556,0.0079248
,157876.6464,0,0.3397504,0.3556,0.0079248
,158037.5808,0,0.3397504,0.3556,0.0079248
,158198.5152,0,0.3397504,0.3556,0.0079248
,158359.4496,0,0.3397504,0.3556,0.0079248
,158520.384,0,0.3397504,0.3556,0.0079248
,158681.3184,0,0.3397504,0.3556,0.0079248
,158842.2528,0,0.3397504,0.3556,0.0079248
,159003.1872,0,0.3397504,0.3556,0.0079248
,159164.1216,0,0.3397504,0.3556,0.0079248
,159325.056,0,0.3397504,0.3556,0.0079248
,159485.9904,0,0.3397504,0.3556,0.0079248
,159646.9248,0,0.3397504,0.3556,0.0079248
,159807.8592,0,0.3397504,0.3556,0.0079248
,159968.7936,0,0.3397504,0.3556,0.0079248
,160129.728,0,0.3397504,0.3556,0.0079248
,160290.6624,0,0.3397504,0.3556,0.0079248
,160451.5968,0,0.3397504,0.3556,0.0079248
,160612.5312,0,0.3397504,0.3556,0.0079248
,160773.4656,0,0.3397504,0.3556,0.0079248
,160934.4,0,0.3397504,0.3556,0.0079248
